alcance,set_features,sin_seleccion,n_features,detector,firma,umbral_conf,elegido,oof_recall_macro_conocidas,oof_recall_macro_baseline,oof_tasa_falsos_unknown,d2_f1_macro_5_conservador,d2_recall_0day_global,d2_pct_unknown_entre_0day_det,semilla,commit,fecha
sensibilidad de UMBRAL_CONF: las columnas 'oof_' son out-of-fold sobre D3 y de ellas SALE la decisión; las columnas 'd2_' son sobre D2 completo y solo se REPORTAN (nunca deciden),54,False,54,Autoencoder,RandomForest,0.4,False,0.964736,0.969565,5.1e-05,0.629379,0.732267,0.004734,1,df30cb2,2026-08-12T22:14:45
sensibilidad de UMBRAL_CONF: las columnas 'oof_' son out-of-fold sobre D3 y de ellas SALE la decisión; las columnas 'd2_' son sobre D2 completo y solo se REPORTAN (nunca deciden),54,False,54,Autoencoder,RandomForest,0.5,True,0.963923,0.969565,0.000256,0.614058,0.732267,0.093591,1,df30cb2,2026-08-12T22:14:45
sensibilidad de UMBRAL_CONF: las columnas 'oof_' son out-of-fold sobre D3 y de ellas SALE la decisión; las columnas 'd2_' son sobre D2 completo y solo se REPORTAN (nunca deciden),54,False,54,Autoencoder,RandomForest,0.6,False,0.947857,0.969565,0.000853,0.584465,0.732267,0.315004,1,df30cb2,2026-08-12T22:14:46
sensibilidad de UMBRAL_CONF: las columnas 'oof_' son out-of-fold sobre D3 y de ellas SALE la decisión; las columnas 'd2_' son sobre D2 completo y solo se REPORTAN (nunca deciden),122_sin_seleccion,True,122,Autoencoder,RandomForest,0.4,True,0.978635,0.983464,5.1e-05,0.67115,0.78,0.136752,1,df30cb2,2026-08-12T22:25:12
sensibilidad de UMBRAL_CONF: las columnas 'oof_' son out-of-fold sobre D3 y de ellas SALE la decisión; las columnas 'd2_' son sobre D2 completo y solo se REPORTAN (nunca deciden),122_sin_seleccion,True,122,Autoencoder,RandomForest,0.5,False,0.96281,0.983464,0.000631,0.630887,0.78,0.219829,1,df30cb2,2026-08-12T22:25:12
sensibilidad de UMBRAL_CONF: las columnas 'oof_' son out-of-fold sobre D3 y de ellas SALE la decisión; las columnas 'd2_' son sobre D2 completo y solo se REPORTAN (nunca deciden),122_sin_seleccion,True,122,Autoencoder,RandomForest,0.6,False,0.936068,0.983464,0.001723,0.601514,0.78,0.381538,1,df30cb2,2026-08-12T22:25:12
sensibilidad de UMBRAL_CONF: las columnas 'oof_' son out-of-fold sobre D3 y de ellas SALE la decisión; las columnas 'd2_' son sobre D2 completo y solo se REPORTAN (nunca deciden),54,False,54,Autoencoder,RandomForest,0.4,False,0.974844,0.979651,1.7e-05,0.630872,0.766933,0.015647,2,df30cb2,2026-08-12T22:31:49
sensibilidad de UMBRAL_CONF: las columnas 'oof_' son out-of-fold sobre D3 y de ellas SALE la decisión; las columnas 'd2_' son sobre D2 completo y solo se REPORTAN (nunca deciden),54,False,54,Autoencoder,RandomForest,0.5,True,0.964634,0.979651,0.000341,0.607947,0.766933,0.186718,2,df30cb2,2026-08-12T22:31:49
sensibilidad de UMBRAL_CONF: las columnas 'oof_' son out-of-fold sobre D3 y de ellas SALE la decisión; las columnas 'd2_' son sobre D2 completo y solo se REPORTAN (nunca deciden),54,False,54,Autoencoder,RandomForest,0.6,False,0.938418,0.979651,0.000938,0.58362,0.766933,0.35153,2,df30cb2,2026-08-12T22:31:49
sensibilidad de UMBRAL_CONF: las columnas 'oof_' son out-of-fold sobre D3 y de ellas SALE la decisión; las columnas 'd2_' son sobre D2 completo y solo se REPORTAN (nunca deciden),122_sin_seleccion,True,122,Autoencoder,RandomForest,0.4,False,0.970592,0.970592,0.0,0.587114,0.7576,0.036607,2,df30cb2,2026-08-12T22:41:10
sensibilidad de UMBRAL_CONF: las columnas 'oof_' son out-of-fold sobre D3 y de ellas SALE la decisión; las columnas 'd2_' son sobre D2 completo y solo se REPORTAN (nunca deciden),122_sin_seleccion,True,122,Autoencoder,RandomForest,0.5,True,0.955164,0.970592,0.000188,0.560957,0.7576,0.188666,2,df30cb2,2026-08-12T22:41:10
sensibilidad de UMBRAL_CONF: las columnas 'oof_' son out-of-fold sobre D3 y de ellas SALE la decisión; las columnas 'd2_' son sobre D2 completo y solo se REPORTAN (nunca deciden),122_sin_seleccion,True,122,Autoencoder,RandomForest,0.6,False,0.93918,0.970592,0.000495,0.559588,0.7576,0.341781,2,df30cb2,2026-08-12T22:41:10
sensibilidad de UMBRAL_CONF: las columnas 'oof_' son out-of-fold sobre D3 y de ellas SALE la decisión; las columnas 'd2_' son sobre D2 completo y solo se REPORTAN (nunca deciden),54,False,54,Autoencoder,RandomForest,0.4,False,0.960688,0.960688,0.0,0.645384,0.777067,0.002059,3,df30cb2,2026-08-12T22:47:39
sensibilidad de UMBRAL_CONF: las columnas 'oof_' son out-of-fold sobre D3 y de ellas SALE la decisión; las columnas 'd2_' son sobre D2 completo y solo se REPORTAN (nunca deciden),54,False,54,Autoencoder,RandomForest,0.5,False,0.955127,0.960688,0.000102,0.62915,0.777067,0.093342,3,df30cb2,2026-08-12T22:47:39
sensibilidad de UMBRAL_CONF: las columnas 'oof_' son out-of-fold sobre D3 y de ellas SALE la decisión; las columnas 'd2_' son sobre D2 completo y solo se REPORTAN (nunca deciden),54,False,54,Autoencoder,RandomForest,0.6,True,0.948747,0.960688,0.000443,0.592287,0.777067,0.258751,3,df30cb2,2026-08-12T22:47:39
sensibilidad de UMBRAL_CONF: las columnas 'oof_' son out-of-fold sobre D3 y de ellas SALE la decisión; las columnas 'd2_' son sobre D2 completo y solo se REPORTAN (nunca deciden),122_sin_seleccion,True,122,Autoencoder,RandomForest,0.4,False,0.969336,0.969587,3.4e-05,0.588643,0.706133,0.006042,3,df30cb2,2026-08-12T22:56:23
sensibilidad de UMBRAL_CONF: las columnas 'oof_' son out-of-fold sobre D3 y de ellas SALE la decisión; las columnas 'd2_' son sobre D2 completo y solo se REPORTAN (nunca deciden),122_sin_seleccion,True,122,Autoencoder,RandomForest,0.5,True,0.958464,0.969587,0.000239,0.565332,0.706133,0.076662,3,df30cb2,2026-08-12T22:56:23
sensibilidad de UMBRAL_CONF: las columnas 'oof_' son out-of-fold sobre D3 y de ellas SALE la decisión; las columnas 'd2_' son sobre D2 completo y solo se REPORTAN (nunca deciden),122_sin_seleccion,True,122,Autoencoder,RandomForest,0.6,False,0.928302,0.969587,0.000563,0.526488,0.706133,0.22923,3,df30cb2,2026-08-12T22:56:23
sensibilidad de UMBRAL_CONF: las columnas 'oof_' son out-of-fold sobre D3 y de ellas SALE la decisión; las columnas 'd2_' son sobre D2 completo y solo se REPORTAN (nunca deciden),54,False,54,Autoencoder,RandomForest,0.4,False,0.974341,0.979149,3.4e-05,0.663133,0.753333,0.003186,4,df30cb2,2026-08-12T23:02:09
sensibilidad de UMBRAL_CONF: las columnas 'oof_' son out-of-fold sobre D3 y de ellas SALE la decisión; las columnas 'd2_' son sobre D2 completo y solo se REPORTAN (nunca deciden),54,False,54,Autoencoder,RandomForest,0.5,True,0.963186,0.979149,0.000324,0.655818,0.753333,0.146549,4,df30cb2,2026-08-12T23:02:09
sensibilidad de UMBRAL_CONF: las columnas 'oof_' son out-of-fold sobre D3 y de ellas SALE la decisión; las columnas 'd2_' son sobre D2 completo y solo se REPORTAN (nunca deciden),54,False,54,Autoencoder,RandomForest,0.6,False,0.946617,0.979149,0.000955,0.593066,0.753333,0.392566,4,df30cb2,2026-08-12T23:02:09
sensibilidad de UMBRAL_CONF: las columnas 'oof_' son out-of-fold sobre D3 y de ellas SALE la decisión; las columnas 'd2_' son sobre D2 completo y solo se REPORTAN (nunca deciden),122_sin_seleccion,True,122,Autoencoder,RandomForest,0.4,True,0.974619,0.984251,0.000102,0.655391,0.766933,0.008345,4,df30cb2,2026-08-12T23:09:58
sensibilidad de UMBRAL_CONF: las columnas 'oof_' son out-of-fold sobre D3 y de ellas SALE la decisión; las columnas 'd2_' son sobre D2 completo y solo se REPORTAN (nunca deciden),122_sin_seleccion,True,122,Autoencoder,RandomForest,0.5,False,0.963704,0.984251,0.000392,0.61399,0.766933,0.159249,4,df30cb2,2026-08-12T23:09:58
sensibilidad de UMBRAL_CONF: las columnas 'oof_' son out-of-fold sobre D3 y de ellas SALE la decisión; las columnas 'd2_' son sobre D2 completo y solo se REPORTAN (nunca deciden),122_sin_seleccion,True,122,Autoencoder,RandomForest,0.6,False,0.936337,0.984251,0.001296,0.570844,0.766933,0.373435,4,df30cb2,2026-08-12T23:09:58
sensibilidad de UMBRAL_CONF: las columnas 'oof_' son out-of-fold sobre D3 y de ellas SALE la decisión; las columnas 'd2_' son sobre D2 completo y solo se REPORTAN (nunca deciden),54,False,54,Autoencoder,RandomForest,0.4,True,0.974881,0.97994,3.4e-05,0.614397,0.7232,0.001475,5,df30cb2,2026-08-12T23:15:23
sensibilidad de UMBRAL_CONF: las columnas 'oof_' son out-of-fold sobre D3 y de ellas SALE la decisión; las columnas 'd2_' son sobre D2 completo y solo se REPORTAN (nunca deciden),54,False,54,Autoencoder,RandomForest,0.5,False,0.95941,0.97994,0.000239,0.598813,0.7232,0.183628,5,df30cb2,2026-08-12T23:15:23
sensibilidad de UMBRAL_CONF: las columnas 'oof_' son out-of-fold sobre D3 y de ellas SALE la decisión; las columnas 'd2_' son sobre D2 completo y solo se REPORTAN (nunca deciden),54,False,54,Autoencoder,RandomForest,0.6,False,0.933543,0.97994,0.000563,0.571684,0.7232,0.37205,5,df30cb2,2026-08-12T23:15:23
sensibilidad de UMBRAL_CONF: las columnas 'oof_' son out-of-fold sobre D3 y de ellas SALE la decisión; las columnas 'd2_' son sobre D2 completo y solo se REPORTAN (nunca deciden),122_sin_seleccion,True,122,Autoencoder,RandomForest,0.4,False,0.969838,0.979956,6.8e-05,0.60607,0.738933,0.029231,5,df30cb2,2026-08-12T23:23:57
sensibilidad de UMBRAL_CONF: las columnas 'oof_' son out-of-fold sobre D3 y de ellas SALE la decisión; las columnas 'd2_' son sobre D2 completo y solo se REPORTAN (nunca deciden),122_sin_seleccion,True,122,Autoencoder,RandomForest,0.5,True,0.969085,0.979956,0.000205,0.584454,0.738933,0.194154,5,df30cb2,2026-08-12T23:23:57
sensibilidad de UMBRAL_CONF: las columnas 'oof_' son out-of-fold sobre D3 y de ellas SALE la decisión; las columnas 'd2_' son sobre D2 completo y solo se REPORTAN (nunca deciden),122_sin_seleccion,True,122,Autoencoder,RandomForest,0.6,False,0.932832,0.979956,0.000682,0.552338,0.738933,0.297726,5,df30cb2,2026-08-12T23:23:57
sensibilidad de UMBRAL_CONF: las columnas 'oof_' son out-of-fold sobre D3 y de ellas SALE la decisión; las columnas 'd2_' son sobre D2 completo y solo se REPORTAN (nunca deciden),54,False,54,Autoencoder,RandomForest,0.4,True,0.974084,0.979394,5.1e-05,0.624312,0.742133,0.003234,6,df30cb2,2026-08-12T23:29:42
sensibilidad de UMBRAL_CONF: las columnas 'oof_' son out-of-fold sobre D3 y de ellas SALE la decisión; las columnas 'd2_' son sobre D2 completo y solo se REPORTAN (nunca deciden),54,False,54,Autoencoder,RandomForest,0.5,False,0.958618,0.979394,0.000307,0.596363,0.742133,0.126123,6,df30cb2,2026-08-12T23:29:42
sensibilidad de UMBRAL_CONF: las columnas 'oof_' son out-of-fold sobre D3 y de ellas SALE la decisión; las columnas 'd2_' son sobre D2 completo y solo se REPORTAN (nunca deciden),54,False,54,Autoencoder,RandomForest,0.6,False,0.927686,0.979394,0.000938,0.576801,0.742133,0.383759,6,df30cb2,2026-08-12T23:29:42
sensibilidad de UMBRAL_CONF: las columnas 'oof_' son out-of-fold sobre D3 y de ellas SALE la decisión; las columnas 'd2_' son sobre D2 completo y solo se REPORTAN (nunca deciden),122_sin_seleccion,True,122,Autoencoder,RandomForest,0.4,False,0.984459,0.984485,3.4e-05,0.616235,0.666933,0.039984,6,df30cb2,2026-08-12T23:39:08
sensibilidad de UMBRAL_CONF: las columnas 'oof_' son out-of-fold sobre D3 y de ellas SALE la decisión; las columnas 'd2_' son sobre D2 completo y solo se REPORTAN (nunca deciden),122_sin_seleccion,True,122,Autoencoder,RandomForest,0.5,True,0.973415,0.984485,0.000478,0.577099,0.666933,0.137545,6,df30cb2,2026-08-12T23:39:08
sensibilidad de UMBRAL_CONF: las columnas 'oof_' son out-of-fold sobre D3 y de ellas SALE la decisión; las columnas 'd2_' son sobre D2 completo y solo se REPORTAN (nunca deciden),122_sin_seleccion,True,122,Autoencoder,RandomForest,0.6,False,0.956652,0.984485,0.001399,0.532764,0.666933,0.37625,6,df30cb2,2026-08-12T23:39:08
sensibilidad de UMBRAL_CONF: las columnas 'oof_' son out-of-fold sobre D3 y de ellas SALE la decisión; las columnas 'd2_' son sobre D2 completo y solo se REPORTAN (nunca deciden),54,False,54,Autoencoder,RandomForest,0.4,False,0.959218,0.969085,0.000102,0.64674,0.763467,0.002445,7,df30cb2,2026-08-12T23:44:28
sensibilidad de UMBRAL_CONF: las columnas 'oof_' son out-of-fold sobre D3 y de ellas SALE la decisión; las columnas 'd2_' son sobre D2 completo y solo se REPORTAN (nunca deciden),54,False,54,Autoencoder,RandomForest,0.5,True,0.954138,0.969085,0.000205,0.612646,0.763467,0.031436,7,df30cb2,2026-08-12T23:44:29
sensibilidad de UMBRAL_CONF: las columnas 'oof_' son out-of-fold sobre D3 y de ellas SALE la decisión; las columnas 'd2_' son sobre D2 completo y solo se REPORTAN (nunca deciden),54,False,54,Autoencoder,RandomForest,0.6,False,0.917885,0.969085,0.000716,0.584482,0.763467,0.252183,7,df30cb2,2026-08-12T23:44:29
sensibilidad de UMBRAL_CONF: las columnas 'oof_' son out-of-fold sobre D3 y de ellas SALE la decisión; las columnas 'd2_' son sobre D2 completo y solo se REPORTAN (nunca deciden),122_sin_seleccion,True,122,Autoencoder,RandomForest,0.4,False,0.960223,0.960474,1.7e-05,0.630467,0.776533,0.003434,7,df30cb2,2026-08-12T23:53:09
sensibilidad de UMBRAL_CONF: las columnas 'oof_' son out-of-fold sobre D3 y de ellas SALE la decisión; las columnas 'd2_' son sobre D2 completo y solo se REPORTAN (nunca deciden),122_sin_seleccion,True,122,Autoencoder,RandomForest,0.5,True,0.9501,0.960474,0.000154,0.604697,0.776533,0.159341,7,df30cb2,2026-08-12T23:53:09
sensibilidad de UMBRAL_CONF: las columnas 'oof_' son out-of-fold sobre D3 y de ellas SALE la decisión; las columnas 'd2_' son sobre D2 completo y solo se REPORTAN (nunca deciden),122_sin_seleccion,True,122,Autoencoder,RandomForest,0.6,False,0.937912,0.960474,0.000512,0.595034,0.776533,0.388049,7,df30cb2,2026-08-12T23:53:09
sensibilidad de UMBRAL_CONF: las columnas 'oof_' son out-of-fold sobre D3 y de ellas SALE la decisión; las columnas 'd2_' son sobre D2 completo y solo se REPORTAN (nunca deciden),54,False,54,Autoencoder,RandomForest,0.4,False,0.959956,0.959956,1.7e-05,0.659841,0.7704,0.002077,8,df30cb2,2026-08-12T23:59:04
sensibilidad de UMBRAL_CONF: las columnas 'oof_' son out-of-fold sobre D3 y de ellas SALE la decisión; las columnas 'd2_' son sobre D2 completo y solo se REPORTAN (nunca deciden),54,False,54,Autoencoder,RandomForest,0.5,True,0.950319,0.959956,0.000154,0.646038,0.7704,0.065767,8,df30cb2,2026-08-12T23:59:04
sensibilidad de UMBRAL_CONF: las columnas 'oof_' son out-of-fold sobre D3 y de ellas SALE la decisión; las columnas 'd2_' son sobre D2 completo y solo se REPORTAN (nunca deciden),54,False,54,Autoencoder,RandomForest,0.6,False,0.929494,0.959956,0.000512,0.599953,0.7704,0.210107,8,df30cb2,2026-08-12T23:59:04
sensibilidad de UMBRAL_CONF: las columnas 'oof_' son out-of-fold sobre D3 y de ellas SALE la decisión; las columnas 'd2_' son sobre D2 completo y solo se REPORTAN (nunca deciden),122_sin_seleccion,True,122,Autoencoder,RandomForest,0.4,False,0.974838,0.979672,6.8e-05,0.628387,0.7,0.038095,8,df30cb2,2026-08-13T00:08:04
sensibilidad de UMBRAL_CONF: las columnas 'oof_' son out-of-fold sobre D3 y de ellas SALE la decisión; las columnas 'd2_' son sobre D2 completo y solo se REPORTAN (nunca deciden),122_sin_seleccion,True,122,Autoencoder,RandomForest,0.5,True,0.96381,0.979672,0.000631,0.559565,0.7,0.12381,8,df30cb2,2026-08-13T00:08:04
sensibilidad de UMBRAL_CONF: las columnas 'oof_' son out-of-fold sobre D3 y de ellas SALE la decisión; las columnas 'd2_' son sobre D2 completo y solo se REPORTAN (nunca deciden),122_sin_seleccion,True,122,Autoencoder,RandomForest,0.6,False,0.941384,0.979672,0.001689,0.529071,0.7,0.377143,8,df30cb2,2026-08-13T00:08:04
sensibilidad de UMBRAL_CONF: las columnas 'oof_' son out-of-fold sobre D3 y de ellas SALE la decisión; las columnas 'd2_' son sobre D2 completo y solo se REPORTAN (nunca deciden),54,False,54,Autoencoder,RandomForest,0.4,True,0.97463,0.979689,3.4e-05,0.639341,0.756533,0.00846,9,df30cb2,2026-08-13T00:13:37
sensibilidad de UMBRAL_CONF: las columnas 'oof_' son out-of-fold sobre D3 y de ellas SALE la decisión; las columnas 'd2_' son sobre D2 completo y solo se REPORTAN (nunca deciden),54,False,54,Autoencoder,RandomForest,0.5,False,0.944779,0.979689,0.000273,0.621682,0.756533,0.093761,9,df30cb2,2026-08-13T00:13:37
sensibilidad de UMBRAL_CONF: las columnas 'oof_' son out-of-fold sobre D3 y de ellas SALE la decisión; las columnas 'd2_' son sobre D2 completo y solo se REPORTAN (nunca deciden),54,False,54,Autoencoder,RandomForest,0.6,False,0.92342,0.979689,0.000682,0.587006,0.756533,0.261544,9,df30cb2,2026-08-13T00:13:37
sensibilidad de UMBRAL_CONF: las columnas 'oof_' son out-of-fold sobre D3 y de ellas SALE la decisión; las columnas 'd2_' son sobre D2 completo y solo se REPORTAN (nunca deciden),122_sin_seleccion,True,122,Autoencoder,RandomForest,0.4,True,0.96986,0.974667,3.4e-05,0.549725,0.695733,0.004599,9,df30cb2,2026-08-13T00:21:56
sensibilidad de UMBRAL_CONF: las columnas 'oof_' son out-of-fold sobre D3 y de ellas SALE la decisión; las columnas 'd2_' son sobre D2 completo y solo se REPORTAN (nunca deciden),122_sin_seleccion,True,122,Autoencoder,RandomForest,0.5,False,0.949854,0.974667,0.000256,0.542498,0.695733,0.051361,9,df30cb2,2026-08-13T00:21:56
sensibilidad de UMBRAL_CONF: las columnas 'oof_' son out-of-fold sobre D3 y de ellas SALE la decisión; las columnas 'd2_' son sobre D2 completo y solo se REPORTAN (nunca deciden),122_sin_seleccion,True,122,Autoencoder,RandomForest,0.6,False,0.913639,0.974667,0.000665,0.535753,0.695733,0.168264,9,df30cb2,2026-08-13T00:21:56
sensibilidad de UMBRAL_CONF: las columnas 'oof_' son out-of-fold sobre D3 y de ellas SALE la decisión; las columnas 'd2_' son sobre D2 completo y solo se REPORTAN (nunca deciden),54,False,54,Autoencoder,RandomForest,0.4,False,0.974651,0.974651,0.0,0.616714,0.7456,0.000358,10,df30cb2,2026-08-13T00:28:16
sensibilidad de UMBRAL_CONF: las columnas 'oof_' son out-of-fold sobre D3 y de ellas SALE la decisión; las columnas 'd2_' son sobre D2 completo y solo se REPORTAN (nunca deciden),54,False,54,Autoencoder,RandomForest,0.5,True,0.964031,0.974651,0.000171,0.614012,0.7456,0.154149,10,df30cb2,2026-08-13T00:28:16
sensibilidad de UMBRAL_CONF: las columnas 'oof_' son out-of-fold sobre D3 y de ellas SALE la decisión; las columnas 'd2_' son sobre D2 completo y solo se REPORTAN (nunca deciden),54,False,54,Autoencoder,RandomForest,0.6,False,0.938634,0.974651,0.000478,0.581512,0.7456,0.300429,10,df30cb2,2026-08-13T00:28:16
sensibilidad de UMBRAL_CONF: las columnas 'oof_' son out-of-fold sobre D3 y de ellas SALE la decisión; las columnas 'd2_' son sobre D2 completo y solo se REPORTAN (nunca deciden),122_sin_seleccion,True,122,Autoencoder,RandomForest,0.4,False,0.978886,0.978908,5.1e-05,0.671072,0.774133,0.065105,10,df30cb2,2026-08-13T00:37:52
sensibilidad de UMBRAL_CONF: las columnas 'oof_' son out-of-fold sobre D3 y de ellas SALE la decisión; las columnas 'd2_' son sobre D2 completo y solo se REPORTAN (nunca deciden),122_sin_seleccion,True,122,Autoencoder,RandomForest,0.5,True,0.977939,0.978908,0.000529,0.655882,0.774133,0.222873,10,df30cb2,2026-08-13T00:37:52
sensibilidad de UMBRAL_CONF: las columnas 'oof_' son out-of-fold sobre D3 y de ellas SALE la decisión; las columnas 'd2_' son sobre D2 completo y solo se REPORTAN (nunca deciden),122_sin_seleccion,True,122,Autoencoder,RandomForest,0.6,False,0.945738,0.978908,0.001552,0.592402,0.774133,0.507406,10,df30cb2,2026-08-13T00:37:52
