algoritmo,alcance,balanceo,f1_macro_cv,f1_macro_cv_std,set_features,sin_seleccion,n_features,semilla,commit,fecha
DecisionTree,selección del esquema de balanceo (4.3.4): f1_macro medio en CV sobre D3 (StratifiedKFold 5 · shuffle · la semilla de la corrida está en la columna 'semilla') con SMOTE aplicado SOLO dentro de cada fold vía imblearn.Pipeline — nunca D2 y nunca citable como resultado,SMOTE,0.946656,0.019609,54,False,54,1,df30cb2,2026-08-12T22:10:12
DecisionTree,selección del esquema de balanceo (4.3.4): f1_macro medio en CV sobre D3 (StratifiedKFold 5 · shuffle · la semilla de la corrida está en la columna 'semilla') con SMOTE aplicado SOLO dentro de cada fold vía imblearn.Pipeline — nunca D2 y nunca citable como resultado,class_weight,0.935263,0.015764,54,False,54,1,df30cb2,2026-08-12T22:10:12
RandomForest,selección del esquema de balanceo (4.3.4): f1_macro medio en CV sobre D3 (StratifiedKFold 5 · shuffle · la semilla de la corrida está en la columna 'semilla') con SMOTE aplicado SOLO dentro de cada fold vía imblearn.Pipeline — nunca D2 y nunca citable como resultado,SMOTE,0.963805,0.012526,54,False,54,1,df30cb2,2026-08-12T22:10:12
RandomForest,selección del esquema de balanceo (4.3.4): f1_macro medio en CV sobre D3 (StratifiedKFold 5 · shuffle · la semilla de la corrida está en la columna 'semilla') con SMOTE aplicado SOLO dentro de cada fold vía imblearn.Pipeline — nunca D2 y nunca citable como resultado,class_weight,0.953327,0.008811,54,False,54,1,df30cb2,2026-08-12T22:10:12
KNN,selección del esquema de balanceo (4.3.4): f1_macro medio en CV sobre D3 (StratifiedKFold 5 · shuffle · la semilla de la corrida está en la columna 'semilla') con SMOTE aplicado SOLO dentro de cada fold vía imblearn.Pipeline — nunca D2 y nunca citable como resultado,SMOTE,0.931477,0.020066,54,False,54,1,df30cb2,2026-08-12T22:10:12
KNN,selección del esquema de balanceo (4.3.4): f1_macro medio en CV sobre D3 (StratifiedKFold 5 · shuffle · la semilla de la corrida está en la columna 'semilla') con SMOTE aplicado SOLO dentro de cada fold vía imblearn.Pipeline — nunca D2 y nunca citable como resultado,nada,0.925716,0.021302,54,False,54,1,df30cb2,2026-08-12T22:10:12
HistGradientBoosting,selección del esquema de balanceo (4.3.4): f1_macro medio en CV sobre D3 (StratifiedKFold 5 · shuffle · la semilla de la corrida está en la columna 'semilla') con SMOTE aplicado SOLO dentro de cada fold vía imblearn.Pipeline — nunca D2 y nunca citable como resultado,SMOTE,0.960633,0.020025,54,False,54,1,df30cb2,2026-08-12T22:10:12
HistGradientBoosting,selección del esquema de balanceo (4.3.4): f1_macro medio en CV sobre D3 (StratifiedKFold 5 · shuffle · la semilla de la corrida está en la columna 'semilla') con SMOTE aplicado SOLO dentro de cada fold vía imblearn.Pipeline — nunca D2 y nunca citable como resultado,nada,0.855399,0.025137,54,False,54,1,df30cb2,2026-08-12T22:10:12
DecisionTree,selección del esquema de balanceo (4.3.4): f1_macro medio en CV sobre D3 (StratifiedKFold 5 · shuffle · la semilla de la corrida está en la columna 'semilla') con SMOTE aplicado SOLO dentro de cada fold vía imblearn.Pipeline — nunca D2 y nunca citable como resultado,SMOTE,0.967307,0.01055,122_sin_seleccion,True,122,1,df30cb2,2026-08-12T22:19:57
DecisionTree,selección del esquema de balanceo (4.3.4): f1_macro medio en CV sobre D3 (StratifiedKFold 5 · shuffle · la semilla de la corrida está en la columna 'semilla') con SMOTE aplicado SOLO dentro de cada fold vía imblearn.Pipeline — nunca D2 y nunca citable como resultado,class_weight,0.959579,0.008451,122_sin_seleccion,True,122,1,df30cb2,2026-08-12T22:19:57
RandomForest,selección del esquema de balanceo (4.3.4): f1_macro medio en CV sobre D3 (StratifiedKFold 5 · shuffle · la semilla de la corrida está en la columna 'semilla') con SMOTE aplicado SOLO dentro de cada fold vía imblearn.Pipeline — nunca D2 y nunca citable como resultado,SMOTE,0.966908,0.00723,122_sin_seleccion,True,122,1,df30cb2,2026-08-12T22:19:57
RandomForest,selección del esquema de balanceo (4.3.4): f1_macro medio en CV sobre D3 (StratifiedKFold 5 · shuffle · la semilla de la corrida está en la columna 'semilla') con SMOTE aplicado SOLO dentro de cada fold vía imblearn.Pipeline — nunca D2 y nunca citable como resultado,class_weight,0.957796,0.017772,122_sin_seleccion,True,122,1,df30cb2,2026-08-12T22:19:57
KNN,selección del esquema de balanceo (4.3.4): f1_macro medio en CV sobre D3 (StratifiedKFold 5 · shuffle · la semilla de la corrida está en la columna 'semilla') con SMOTE aplicado SOLO dentro de cada fold vía imblearn.Pipeline — nunca D2 y nunca citable como resultado,SMOTE,0.937244,0.019216,122_sin_seleccion,True,122,1,df30cb2,2026-08-12T22:19:57
KNN,selección del esquema de balanceo (4.3.4): f1_macro medio en CV sobre D3 (StratifiedKFold 5 · shuffle · la semilla de la corrida está en la columna 'semilla') con SMOTE aplicado SOLO dentro de cada fold vía imblearn.Pipeline — nunca D2 y nunca citable como resultado,nada,0.927109,0.024884,122_sin_seleccion,True,122,1,df30cb2,2026-08-12T22:19:57
HistGradientBoosting,selección del esquema de balanceo (4.3.4): f1_macro medio en CV sobre D3 (StratifiedKFold 5 · shuffle · la semilla de la corrida está en la columna 'semilla') con SMOTE aplicado SOLO dentro de cada fold vía imblearn.Pipeline — nunca D2 y nunca citable como resultado,SMOTE,0.966037,0.01235,122_sin_seleccion,True,122,1,df30cb2,2026-08-12T22:19:57
HistGradientBoosting,selección del esquema de balanceo (4.3.4): f1_macro medio en CV sobre D3 (StratifiedKFold 5 · shuffle · la semilla de la corrida está en la columna 'semilla') con SMOTE aplicado SOLO dentro de cada fold vía imblearn.Pipeline — nunca D2 y nunca citable como resultado,nada,0.806806,0.015145,122_sin_seleccion,True,122,1,df30cb2,2026-08-12T22:19:57
DecisionTree,selección del esquema de balanceo (4.3.4): f1_macro medio en CV sobre D3 (StratifiedKFold 5 · shuffle · la semilla de la corrida está en la columna 'semilla') con SMOTE aplicado SOLO dentro de cada fold vía imblearn.Pipeline — nunca D2 y nunca citable como resultado,SMOTE,0.953289,0.009933,54,False,54,2,df30cb2,2026-08-12T22:28:04
DecisionTree,selección del esquema de balanceo (4.3.4): f1_macro medio en CV sobre D3 (StratifiedKFold 5 · shuffle · la semilla de la corrida está en la columna 'semilla') con SMOTE aplicado SOLO dentro de cada fold vía imblearn.Pipeline — nunca D2 y nunca citable como resultado,class_weight,0.952043,0.009579,54,False,54,2,df30cb2,2026-08-12T22:28:04
RandomForest,selección del esquema de balanceo (4.3.4): f1_macro medio en CV sobre D3 (StratifiedKFold 5 · shuffle · la semilla de la corrida está en la columna 'semilla') con SMOTE aplicado SOLO dentro de cada fold vía imblearn.Pipeline — nunca D2 y nunca citable como resultado,SMOTE,0.975792,0.016011,54,False,54,2,df30cb2,2026-08-12T22:28:04
RandomForest,selección del esquema de balanceo (4.3.4): f1_macro medio en CV sobre D3 (StratifiedKFold 5 · shuffle · la semilla de la corrida está en la columna 'semilla') con SMOTE aplicado SOLO dentro de cada fold vía imblearn.Pipeline — nunca D2 y nunca citable como resultado,class_weight,0.974485,0.017288,54,False,54,2,df30cb2,2026-08-12T22:28:04
KNN,selección del esquema de balanceo (4.3.4): f1_macro medio en CV sobre D3 (StratifiedKFold 5 · shuffle · la semilla de la corrida está en la columna 'semilla') con SMOTE aplicado SOLO dentro de cada fold vía imblearn.Pipeline — nunca D2 y nunca citable como resultado,SMOTE,0.939032,0.026091,54,False,54,2,df30cb2,2026-08-12T22:28:04
KNN,selección del esquema de balanceo (4.3.4): f1_macro medio en CV sobre D3 (StratifiedKFold 5 · shuffle · la semilla de la corrida está en la columna 'semilla') con SMOTE aplicado SOLO dentro de cada fold vía imblearn.Pipeline — nunca D2 y nunca citable como resultado,nada,0.924278,0.014711,54,False,54,2,df30cb2,2026-08-12T22:28:04
HistGradientBoosting,selección del esquema de balanceo (4.3.4): f1_macro medio en CV sobre D3 (StratifiedKFold 5 · shuffle · la semilla de la corrida está en la columna 'semilla') con SMOTE aplicado SOLO dentro de cada fold vía imblearn.Pipeline — nunca D2 y nunca citable como resultado,SMOTE,0.959417,0.026505,54,False,54,2,df30cb2,2026-08-12T22:28:04
HistGradientBoosting,selección del esquema de balanceo (4.3.4): f1_macro medio en CV sobre D3 (StratifiedKFold 5 · shuffle · la semilla de la corrida está en la columna 'semilla') con SMOTE aplicado SOLO dentro de cada fold vía imblearn.Pipeline — nunca D2 y nunca citable como resultado,nada,0.826866,0.043896,54,False,54,2,df30cb2,2026-08-12T22:28:04
DecisionTree,selección del esquema de balanceo (4.3.4): f1_macro medio en CV sobre D3 (StratifiedKFold 5 · shuffle · la semilla de la corrida está en la columna 'semilla') con SMOTE aplicado SOLO dentro de cada fold vía imblearn.Pipeline — nunca D2 y nunca citable como resultado,SMOTE,0.963346,0.008858,122_sin_seleccion,True,122,2,df30cb2,2026-08-12T22:35:28
DecisionTree,selección del esquema de balanceo (4.3.4): f1_macro medio en CV sobre D3 (StratifiedKFold 5 · shuffle · la semilla de la corrida está en la columna 'semilla') con SMOTE aplicado SOLO dentro de cada fold vía imblearn.Pipeline — nunca D2 y nunca citable como resultado,class_weight,0.951717,0.011883,122_sin_seleccion,True,122,2,df30cb2,2026-08-12T22:35:28
RandomForest,selección del esquema de balanceo (4.3.4): f1_macro medio en CV sobre D3 (StratifiedKFold 5 · shuffle · la semilla de la corrida está en la columna 'semilla') con SMOTE aplicado SOLO dentro de cada fold vía imblearn.Pipeline — nunca D2 y nunca citable como resultado,SMOTE,0.975806,0.015881,122_sin_seleccion,True,122,2,df30cb2,2026-08-12T22:35:28
RandomForest,selección del esquema de balanceo (4.3.4): f1_macro medio en CV sobre D3 (StratifiedKFold 5 · shuffle · la semilla de la corrida está en la columna 'semilla') con SMOTE aplicado SOLO dentro de cada fold vía imblearn.Pipeline — nunca D2 y nunca citable como resultado,class_weight,0.97518,0.021062,122_sin_seleccion,True,122,2,df30cb2,2026-08-12T22:35:28
KNN,selección del esquema de balanceo (4.3.4): f1_macro medio en CV sobre D3 (StratifiedKFold 5 · shuffle · la semilla de la corrida está en la columna 'semilla') con SMOTE aplicado SOLO dentro de cada fold vía imblearn.Pipeline — nunca D2 y nunca citable como resultado,SMOTE,0.949677,0.020931,122_sin_seleccion,True,122,2,df30cb2,2026-08-12T22:35:28
KNN,selección del esquema de balanceo (4.3.4): f1_macro medio en CV sobre D3 (StratifiedKFold 5 · shuffle · la semilla de la corrida está en la columna 'semilla') con SMOTE aplicado SOLO dentro de cada fold vía imblearn.Pipeline — nunca D2 y nunca citable como resultado,nada,0.926119,0.00979,122_sin_seleccion,True,122,2,df30cb2,2026-08-12T22:35:28
HistGradientBoosting,selección del esquema de balanceo (4.3.4): f1_macro medio en CV sobre D3 (StratifiedKFold 5 · shuffle · la semilla de la corrida está en la columna 'semilla') con SMOTE aplicado SOLO dentro de cada fold vía imblearn.Pipeline — nunca D2 y nunca citable como resultado,SMOTE,0.965864,0.032711,122_sin_seleccion,True,122,2,df30cb2,2026-08-12T22:35:28
HistGradientBoosting,selección del esquema de balanceo (4.3.4): f1_macro medio en CV sobre D3 (StratifiedKFold 5 · shuffle · la semilla de la corrida está en la columna 'semilla') con SMOTE aplicado SOLO dentro de cada fold vía imblearn.Pipeline — nunca D2 y nunca citable como resultado,nada,0.860507,0.036738,122_sin_seleccion,True,122,2,df30cb2,2026-08-12T22:35:28
DecisionTree,selección del esquema de balanceo (4.3.4): f1_macro medio en CV sobre D3 (StratifiedKFold 5 · shuffle · la semilla de la corrida está en la columna 'semilla') con SMOTE aplicado SOLO dentro de cada fold vía imblearn.Pipeline — nunca D2 y nunca citable como resultado,SMOTE,0.948169,0.032119,54,False,54,3,df30cb2,2026-08-12T22:44:11
DecisionTree,selección del esquema de balanceo (4.3.4): f1_macro medio en CV sobre D3 (StratifiedKFold 5 · shuffle · la semilla de la corrida está en la columna 'semilla') con SMOTE aplicado SOLO dentro de cada fold vía imblearn.Pipeline — nunca D2 y nunca citable como resultado,class_weight,0.963734,0.020564,54,False,54,3,df30cb2,2026-08-12T22:44:11
RandomForest,selección del esquema de balanceo (4.3.4): f1_macro medio en CV sobre D3 (StratifiedKFold 5 · shuffle · la semilla de la corrida está en la columna 'semilla') con SMOTE aplicado SOLO dentro de cada fold vía imblearn.Pipeline — nunca D2 y nunca citable como resultado,SMOTE,0.966602,0.02617,54,False,54,3,df30cb2,2026-08-12T22:44:11
RandomForest,selección del esquema de balanceo (4.3.4): f1_macro medio en CV sobre D3 (StratifiedKFold 5 · shuffle · la semilla de la corrida está en la columna 'semilla') con SMOTE aplicado SOLO dentro de cada fold vía imblearn.Pipeline — nunca D2 y nunca citable como resultado,class_weight,0.96565,0.015708,54,False,54,3,df30cb2,2026-08-12T22:44:11
KNN,selección del esquema de balanceo (4.3.4): f1_macro medio en CV sobre D3 (StratifiedKFold 5 · shuffle · la semilla de la corrida está en la columna 'semilla') con SMOTE aplicado SOLO dentro de cada fold vía imblearn.Pipeline — nunca D2 y nunca citable como resultado,SMOTE,0.929407,0.017997,54,False,54,3,df30cb2,2026-08-12T22:44:11
KNN,selección del esquema de balanceo (4.3.4): f1_macro medio en CV sobre D3 (StratifiedKFold 5 · shuffle · la semilla de la corrida está en la columna 'semilla') con SMOTE aplicado SOLO dentro de cada fold vía imblearn.Pipeline — nunca D2 y nunca citable como resultado,nada,0.92121,0.021638,54,False,54,3,df30cb2,2026-08-12T22:44:11
HistGradientBoosting,selección del esquema de balanceo (4.3.4): f1_macro medio en CV sobre D3 (StratifiedKFold 5 · shuffle · la semilla de la corrida está en la columna 'semilla') con SMOTE aplicado SOLO dentro de cada fold vía imblearn.Pipeline — nunca D2 y nunca citable como resultado,SMOTE,0.962823,0.025421,54,False,54,3,df30cb2,2026-08-12T22:44:11
HistGradientBoosting,selección del esquema de balanceo (4.3.4): f1_macro medio en CV sobre D3 (StratifiedKFold 5 · shuffle · la semilla de la corrida está en la columna 'semilla') con SMOTE aplicado SOLO dentro de cada fold vía imblearn.Pipeline — nunca D2 y nunca citable como resultado,nada,0.829784,0.04764,54,False,54,3,df30cb2,2026-08-12T22:44:11
DecisionTree,selección del esquema de balanceo (4.3.4): f1_macro medio en CV sobre D3 (StratifiedKFold 5 · shuffle · la semilla de la corrida está en la columna 'semilla') con SMOTE aplicado SOLO dentro de cada fold vía imblearn.Pipeline — nunca D2 y nunca citable como resultado,SMOTE,0.94086,0.025605,122_sin_seleccion,True,122,3,df30cb2,2026-08-12T22:51:30
DecisionTree,selección del esquema de balanceo (4.3.4): f1_macro medio en CV sobre D3 (StratifiedKFold 5 · shuffle · la semilla de la corrida está en la columna 'semilla') con SMOTE aplicado SOLO dentro de cada fold vía imblearn.Pipeline — nunca D2 y nunca citable como resultado,class_weight,0.964204,0.020584,122_sin_seleccion,True,122,3,df30cb2,2026-08-12T22:51:30
RandomForest,selección del esquema de balanceo (4.3.4): f1_macro medio en CV sobre D3 (StratifiedKFold 5 · shuffle · la semilla de la corrida está en la columna 'semilla') con SMOTE aplicado SOLO dentro de cada fold vía imblearn.Pipeline — nunca D2 y nunca citable como resultado,SMOTE,0.958595,0.021651,122_sin_seleccion,True,122,3,df30cb2,2026-08-12T22:51:30
RandomForest,selección del esquema de balanceo (4.3.4): f1_macro medio en CV sobre D3 (StratifiedKFold 5 · shuffle · la semilla de la corrida está en la columna 'semilla') con SMOTE aplicado SOLO dentro de cada fold vía imblearn.Pipeline — nunca D2 y nunca citable como resultado,class_weight,0.966761,0.018675,122_sin_seleccion,True,122,3,df30cb2,2026-08-12T22:51:30
KNN,selección del esquema de balanceo (4.3.4): f1_macro medio en CV sobre D3 (StratifiedKFold 5 · shuffle · la semilla de la corrida está en la columna 'semilla') con SMOTE aplicado SOLO dentro de cada fold vía imblearn.Pipeline — nunca D2 y nunca citable como resultado,SMOTE,0.942166,0.01375,122_sin_seleccion,True,122,3,df30cb2,2026-08-12T22:51:30
KNN,selección del esquema de balanceo (4.3.4): f1_macro medio en CV sobre D3 (StratifiedKFold 5 · shuffle · la semilla de la corrida está en la columna 'semilla') con SMOTE aplicado SOLO dentro de cada fold vía imblearn.Pipeline — nunca D2 y nunca citable como resultado,nada,0.919629,0.021515,122_sin_seleccion,True,122,3,df30cb2,2026-08-12T22:51:30
HistGradientBoosting,selección del esquema de balanceo (4.3.4): f1_macro medio en CV sobre D3 (StratifiedKFold 5 · shuffle · la semilla de la corrida está en la columna 'semilla') con SMOTE aplicado SOLO dentro de cada fold vía imblearn.Pipeline — nunca D2 y nunca citable como resultado,SMOTE,0.970298,0.016472,122_sin_seleccion,True,122,3,df30cb2,2026-08-12T22:51:30
HistGradientBoosting,selección del esquema de balanceo (4.3.4): f1_macro medio en CV sobre D3 (StratifiedKFold 5 · shuffle · la semilla de la corrida está en la columna 'semilla') con SMOTE aplicado SOLO dentro de cada fold vía imblearn.Pipeline — nunca D2 y nunca citable como resultado,nada,0.800717,0.043394,122_sin_seleccion,True,122,3,df30cb2,2026-08-12T22:51:30
DecisionTree,selección del esquema de balanceo (4.3.4): f1_macro medio en CV sobre D3 (StratifiedKFold 5 · shuffle · la semilla de la corrida está en la columna 'semilla') con SMOTE aplicado SOLO dentro de cada fold vía imblearn.Pipeline — nunca D2 y nunca citable como resultado,SMOTE,0.95392,0.020546,54,False,54,4,df30cb2,2026-08-12T22:59:25
DecisionTree,selección del esquema de balanceo (4.3.4): f1_macro medio en CV sobre D3 (StratifiedKFold 5 · shuffle · la semilla de la corrida está en la columna 'semilla') con SMOTE aplicado SOLO dentro de cada fold vía imblearn.Pipeline — nunca D2 y nunca citable como resultado,class_weight,0.947738,0.013988,54,False,54,4,df30cb2,2026-08-12T22:59:25
RandomForest,selección del esquema de balanceo (4.3.4): f1_macro medio en CV sobre D3 (StratifiedKFold 5 · shuffle · la semilla de la corrida está en la columna 'semilla') con SMOTE aplicado SOLO dentro de cada fold vía imblearn.Pipeline — nunca D2 y nunca citable como resultado,SMOTE,0.974308,0.017318,54,False,54,4,df30cb2,2026-08-12T22:59:25
RandomForest,selección del esquema de balanceo (4.3.4): f1_macro medio en CV sobre D3 (StratifiedKFold 5 · shuffle · la semilla de la corrida está en la columna 'semilla') con SMOTE aplicado SOLO dentro de cada fold vía imblearn.Pipeline — nunca D2 y nunca citable como resultado,class_weight,0.974725,0.017409,54,False,54,4,df30cb2,2026-08-12T22:59:25
KNN,selección del esquema de balanceo (4.3.4): f1_macro medio en CV sobre D3 (StratifiedKFold 5 · shuffle · la semilla de la corrida está en la columna 'semilla') con SMOTE aplicado SOLO dentro de cada fold vía imblearn.Pipeline — nunca D2 y nunca citable como resultado,SMOTE,0.937586,0.011985,54,False,54,4,df30cb2,2026-08-12T22:59:25
KNN,selección del esquema de balanceo (4.3.4): f1_macro medio en CV sobre D3 (StratifiedKFold 5 · shuffle · la semilla de la corrida está en la columna 'semilla') con SMOTE aplicado SOLO dentro de cada fold vía imblearn.Pipeline — nunca D2 y nunca citable como resultado,nada,0.926777,0.020428,54,False,54,4,df30cb2,2026-08-12T22:59:25
HistGradientBoosting,selección del esquema de balanceo (4.3.4): f1_macro medio en CV sobre D3 (StratifiedKFold 5 · shuffle · la semilla de la corrida está en la columna 'semilla') con SMOTE aplicado SOLO dentro de cada fold vía imblearn.Pipeline — nunca D2 y nunca citable como resultado,SMOTE,0.966388,0.020832,54,False,54,4,df30cb2,2026-08-12T22:59:25
HistGradientBoosting,selección del esquema de balanceo (4.3.4): f1_macro medio en CV sobre D3 (StratifiedKFold 5 · shuffle · la semilla de la corrida está en la columna 'semilla') con SMOTE aplicado SOLO dentro de cada fold vía imblearn.Pipeline — nunca D2 y nunca citable como resultado,nada,0.797852,0.016093,54,False,54,4,df30cb2,2026-08-12T22:59:25
DecisionTree,selección del esquema de balanceo (4.3.4): f1_macro medio en CV sobre D3 (StratifiedKFold 5 · shuffle · la semilla de la corrida está en la columna 'semilla') con SMOTE aplicado SOLO dentro de cada fold vía imblearn.Pipeline — nunca D2 y nunca citable como resultado,SMOTE,0.957907,0.023767,122_sin_seleccion,True,122,4,df30cb2,2026-08-12T23:05:49
DecisionTree,selección del esquema de balanceo (4.3.4): f1_macro medio en CV sobre D3 (StratifiedKFold 5 · shuffle · la semilla de la corrida está en la columna 'semilla') con SMOTE aplicado SOLO dentro de cada fold vía imblearn.Pipeline — nunca D2 y nunca citable como resultado,class_weight,0.967619,0.006949,122_sin_seleccion,True,122,4,df30cb2,2026-08-12T23:05:49
RandomForest,selección del esquema de balanceo (4.3.4): f1_macro medio en CV sobre D3 (StratifiedKFold 5 · shuffle · la semilla de la corrida está en la columna 'semilla') con SMOTE aplicado SOLO dentro de cada fold vía imblearn.Pipeline — nunca D2 y nunca citable como resultado,SMOTE,0.97136,0.016272,122_sin_seleccion,True,122,4,df30cb2,2026-08-12T23:05:49
RandomForest,selección del esquema de balanceo (4.3.4): f1_macro medio en CV sobre D3 (StratifiedKFold 5 · shuffle · la semilla de la corrida está en la columna 'semilla') con SMOTE aplicado SOLO dentro de cada fold vía imblearn.Pipeline — nunca D2 y nunca citable como resultado,class_weight,0.977429,0.01571,122_sin_seleccion,True,122,4,df30cb2,2026-08-12T23:05:49
KNN,selección del esquema de balanceo (4.3.4): f1_macro medio en CV sobre D3 (StratifiedKFold 5 · shuffle · la semilla de la corrida está en la columna 'semilla') con SMOTE aplicado SOLO dentro de cada fold vía imblearn.Pipeline — nunca D2 y nunca citable como resultado,SMOTE,0.938899,0.020295,122_sin_seleccion,True,122,4,df30cb2,2026-08-12T23:05:49
KNN,selección del esquema de balanceo (4.3.4): f1_macro medio en CV sobre D3 (StratifiedKFold 5 · shuffle · la semilla de la corrida está en la columna 'semilla') con SMOTE aplicado SOLO dentro de cada fold vía imblearn.Pipeline — nunca D2 y nunca citable como resultado,nada,0.929014,0.020425,122_sin_seleccion,True,122,4,df30cb2,2026-08-12T23:05:49
HistGradientBoosting,selección del esquema de balanceo (4.3.4): f1_macro medio en CV sobre D3 (StratifiedKFold 5 · shuffle · la semilla de la corrida está en la columna 'semilla') con SMOTE aplicado SOLO dentro de cada fold vía imblearn.Pipeline — nunca D2 y nunca citable como resultado,SMOTE,0.967496,0.029249,122_sin_seleccion,True,122,4,df30cb2,2026-08-12T23:05:49
HistGradientBoosting,selección del esquema de balanceo (4.3.4): f1_macro medio en CV sobre D3 (StratifiedKFold 5 · shuffle · la semilla de la corrida está en la columna 'semilla') con SMOTE aplicado SOLO dentro de cada fold vía imblearn.Pipeline — nunca D2 y nunca citable como resultado,nada,0.796973,0.038082,122_sin_seleccion,True,122,4,df30cb2,2026-08-12T23:05:49
DecisionTree,selección del esquema de balanceo (4.3.4): f1_macro medio en CV sobre D3 (StratifiedKFold 5 · shuffle · la semilla de la corrida está en la columna 'semilla') con SMOTE aplicado SOLO dentro de cada fold vía imblearn.Pipeline — nunca D2 y nunca citable como resultado,SMOTE,0.956544,0.017012,54,False,54,5,df30cb2,2026-08-12T23:12:41
DecisionTree,selección del esquema de balanceo (4.3.4): f1_macro medio en CV sobre D3 (StratifiedKFold 5 · shuffle · la semilla de la corrida está en la columna 'semilla') con SMOTE aplicado SOLO dentro de cada fold vía imblearn.Pipeline — nunca D2 y nunca citable como resultado,class_weight,0.934113,0.021446,54,False,54,5,df30cb2,2026-08-12T23:12:41
RandomForest,selección del esquema de balanceo (4.3.4): f1_macro medio en CV sobre D3 (StratifiedKFold 5 · shuffle · la semilla de la corrida está en la columna 'semilla') con SMOTE aplicado SOLO dentro de cada fold vía imblearn.Pipeline — nunca D2 y nunca citable como resultado,SMOTE,0.977142,0.008726,54,False,54,5,df30cb2,2026-08-12T23:12:41
RandomForest,selección del esquema de balanceo (4.3.4): f1_macro medio en CV sobre D3 (StratifiedKFold 5 · shuffle · la semilla de la corrida está en la columna 'semilla') con SMOTE aplicado SOLO dentro de cada fold vía imblearn.Pipeline — nunca D2 y nunca citable como resultado,class_weight,0.982122,0.010773,54,False,54,5,df30cb2,2026-08-12T23:12:41
KNN,selección del esquema de balanceo (4.3.4): f1_macro medio en CV sobre D3 (StratifiedKFold 5 · shuffle · la semilla de la corrida está en la columna 'semilla') con SMOTE aplicado SOLO dentro de cada fold vía imblearn.Pipeline — nunca D2 y nunca citable como resultado,SMOTE,0.943527,0.014335,54,False,54,5,df30cb2,2026-08-12T23:12:41
KNN,selección del esquema de balanceo (4.3.4): f1_macro medio en CV sobre D3 (StratifiedKFold 5 · shuffle · la semilla de la corrida está en la columna 'semilla') con SMOTE aplicado SOLO dentro de cada fold vía imblearn.Pipeline — nunca D2 y nunca citable como resultado,nada,0.92851,0.022754,54,False,54,5,df30cb2,2026-08-12T23:12:41
HistGradientBoosting,selección del esquema de balanceo (4.3.4): f1_macro medio en CV sobre D3 (StratifiedKFold 5 · shuffle · la semilla de la corrida está en la columna 'semilla') con SMOTE aplicado SOLO dentro de cada fold vía imblearn.Pipeline — nunca D2 y nunca citable como resultado,SMOTE,0.970767,0.018271,54,False,54,5,df30cb2,2026-08-12T23:12:41
HistGradientBoosting,selección del esquema de balanceo (4.3.4): f1_macro medio en CV sobre D3 (StratifiedKFold 5 · shuffle · la semilla de la corrida está en la columna 'semilla') con SMOTE aplicado SOLO dentro de cada fold vía imblearn.Pipeline — nunca D2 y nunca citable como resultado,nada,0.786963,0.029805,54,False,54,5,df30cb2,2026-08-12T23:12:41
DecisionTree,selección del esquema de balanceo (4.3.4): f1_macro medio en CV sobre D3 (StratifiedKFold 5 · shuffle · la semilla de la corrida está en la columna 'semilla') con SMOTE aplicado SOLO dentro de cada fold vía imblearn.Pipeline — nunca D2 y nunca citable como resultado,SMOTE,0.958581,0.017755,122_sin_seleccion,True,122,5,df30cb2,2026-08-12T23:19:08
DecisionTree,selección del esquema de balanceo (4.3.4): f1_macro medio en CV sobre D3 (StratifiedKFold 5 · shuffle · la semilla de la corrida está en la columna 'semilla') con SMOTE aplicado SOLO dentro de cada fold vía imblearn.Pipeline — nunca D2 y nunca citable como resultado,class_weight,0.933754,0.020587,122_sin_seleccion,True,122,5,df30cb2,2026-08-12T23:19:08
RandomForest,selección del esquema de balanceo (4.3.4): f1_macro medio en CV sobre D3 (StratifiedKFold 5 · shuffle · la semilla de la corrida está en la columna 'semilla') con SMOTE aplicado SOLO dentro de cada fold vía imblearn.Pipeline — nunca D2 y nunca citable como resultado,SMOTE,0.976654,0.010212,122_sin_seleccion,True,122,5,df30cb2,2026-08-12T23:19:08
RandomForest,selección del esquema de balanceo (4.3.4): f1_macro medio en CV sobre D3 (StratifiedKFold 5 · shuffle · la semilla de la corrida está en la columna 'semilla') con SMOTE aplicado SOLO dentro de cada fold vía imblearn.Pipeline — nunca D2 y nunca citable como resultado,class_weight,0.982029,0.014001,122_sin_seleccion,True,122,5,df30cb2,2026-08-12T23:19:08
KNN,selección del esquema de balanceo (4.3.4): f1_macro medio en CV sobre D3 (StratifiedKFold 5 · shuffle · la semilla de la corrida está en la columna 'semilla') con SMOTE aplicado SOLO dentro de cada fold vía imblearn.Pipeline — nunca D2 y nunca citable como resultado,SMOTE,0.948643,0.016795,122_sin_seleccion,True,122,5,df30cb2,2026-08-12T23:19:08
KNN,selección del esquema de balanceo (4.3.4): f1_macro medio en CV sobre D3 (StratifiedKFold 5 · shuffle · la semilla de la corrida está en la columna 'semilla') con SMOTE aplicado SOLO dentro de cada fold vía imblearn.Pipeline — nunca D2 y nunca citable como resultado,nada,0.930627,0.025734,122_sin_seleccion,True,122,5,df30cb2,2026-08-12T23:19:08
HistGradientBoosting,selección del esquema de balanceo (4.3.4): f1_macro medio en CV sobre D3 (StratifiedKFold 5 · shuffle · la semilla de la corrida está en la columna 'semilla') con SMOTE aplicado SOLO dentro de cada fold vía imblearn.Pipeline — nunca D2 y nunca citable como resultado,SMOTE,0.963374,0.019512,122_sin_seleccion,True,122,5,df30cb2,2026-08-12T23:19:08
HistGradientBoosting,selección del esquema de balanceo (4.3.4): f1_macro medio en CV sobre D3 (StratifiedKFold 5 · shuffle · la semilla de la corrida está en la columna 'semilla') con SMOTE aplicado SOLO dentro de cada fold vía imblearn.Pipeline — nunca D2 y nunca citable como resultado,nada,0.839239,0.042968,122_sin_seleccion,True,122,5,df30cb2,2026-08-12T23:19:08
DecisionTree,selección del esquema de balanceo (4.3.4): f1_macro medio en CV sobre D3 (StratifiedKFold 5 · shuffle · la semilla de la corrida está en la columna 'semilla') con SMOTE aplicado SOLO dentro de cada fold vía imblearn.Pipeline — nunca D2 y nunca citable como resultado,SMOTE,0.964559,0.013415,54,False,54,6,df30cb2,2026-08-12T23:26:54
DecisionTree,selección del esquema de balanceo (4.3.4): f1_macro medio en CV sobre D3 (StratifiedKFold 5 · shuffle · la semilla de la corrida está en la columna 'semilla') con SMOTE aplicado SOLO dentro de cada fold vía imblearn.Pipeline — nunca D2 y nunca citable como resultado,class_weight,0.948856,0.027401,54,False,54,6,df30cb2,2026-08-12T23:26:54
RandomForest,selección del esquema de balanceo (4.3.4): f1_macro medio en CV sobre D3 (StratifiedKFold 5 · shuffle · la semilla de la corrida está en la columna 'semilla') con SMOTE aplicado SOLO dentro de cada fold vía imblearn.Pipeline — nunca D2 y nunca citable como resultado,SMOTE,0.970107,0.023458,54,False,54,6,df30cb2,2026-08-12T23:26:54
RandomForest,selección del esquema de balanceo (4.3.4): f1_macro medio en CV sobre D3 (StratifiedKFold 5 · shuffle · la semilla de la corrida está en la columna 'semilla') con SMOTE aplicado SOLO dentro de cada fold vía imblearn.Pipeline — nunca D2 y nunca citable como resultado,class_weight,0.973372,0.014844,54,False,54,6,df30cb2,2026-08-12T23:26:54
KNN,selección del esquema de balanceo (4.3.4): f1_macro medio en CV sobre D3 (StratifiedKFold 5 · shuffle · la semilla de la corrida está en la columna 'semilla') con SMOTE aplicado SOLO dentro de cada fold vía imblearn.Pipeline — nunca D2 y nunca citable como resultado,SMOTE,0.944965,0.016871,54,False,54,6,df30cb2,2026-08-12T23:26:54
KNN,selección del esquema de balanceo (4.3.4): f1_macro medio en CV sobre D3 (StratifiedKFold 5 · shuffle · la semilla de la corrida está en la columna 'semilla') con SMOTE aplicado SOLO dentro de cada fold vía imblearn.Pipeline — nunca D2 y nunca citable como resultado,nada,0.920773,0.014864,54,False,54,6,df30cb2,2026-08-12T23:26:54
HistGradientBoosting,selección del esquema de balanceo (4.3.4): f1_macro medio en CV sobre D3 (StratifiedKFold 5 · shuffle · la semilla de la corrida está en la columna 'semilla') con SMOTE aplicado SOLO dentro de cada fold vía imblearn.Pipeline — nunca D2 y nunca citable como resultado,SMOTE,0.955502,0.024864,54,False,54,6,df30cb2,2026-08-12T23:26:54
HistGradientBoosting,selección del esquema de balanceo (4.3.4): f1_macro medio en CV sobre D3 (StratifiedKFold 5 · shuffle · la semilla de la corrida está en la columna 'semilla') con SMOTE aplicado SOLO dentro de cada fold vía imblearn.Pipeline — nunca D2 y nunca citable como resultado,nada,0.803475,0.050257,54,False,54,6,df30cb2,2026-08-12T23:26:54
DecisionTree,selección del esquema de balanceo (4.3.4): f1_macro medio en CV sobre D3 (StratifiedKFold 5 · shuffle · la semilla de la corrida está en la columna 'semilla') con SMOTE aplicado SOLO dentro de cada fold vía imblearn.Pipeline — nunca D2 y nunca citable como resultado,SMOTE,0.96101,0.020124,122_sin_seleccion,True,122,6,df30cb2,2026-08-12T23:33:41
DecisionTree,selección del esquema de balanceo (4.3.4): f1_macro medio en CV sobre D3 (StratifiedKFold 5 · shuffle · la semilla de la corrida está en la columna 'semilla') con SMOTE aplicado SOLO dentro de cada fold vía imblearn.Pipeline — nunca D2 y nunca citable como resultado,class_weight,0.954114,0.017511,122_sin_seleccion,True,122,6,df30cb2,2026-08-12T23:33:41
RandomForest,selección del esquema de balanceo (4.3.4): f1_macro medio en CV sobre D3 (StratifiedKFold 5 · shuffle · la semilla de la corrida está en la columna 'semilla') con SMOTE aplicado SOLO dentro de cada fold vía imblearn.Pipeline — nunca D2 y nunca citable como resultado,SMOTE,0.97552,0.023398,122_sin_seleccion,True,122,6,df30cb2,2026-08-12T23:33:41
RandomForest,selección del esquema de balanceo (4.3.4): f1_macro medio en CV sobre D3 (StratifiedKFold 5 · shuffle · la semilla de la corrida está en la columna 'semilla') con SMOTE aplicado SOLO dentro de cada fold vía imblearn.Pipeline — nunca D2 y nunca citable como resultado,class_weight,0.974153,0.018131,122_sin_seleccion,True,122,6,df30cb2,2026-08-12T23:33:41
KNN,selección del esquema de balanceo (4.3.4): f1_macro medio en CV sobre D3 (StratifiedKFold 5 · shuffle · la semilla de la corrida está en la columna 'semilla') con SMOTE aplicado SOLO dentro de cada fold vía imblearn.Pipeline — nunca D2 y nunca citable como resultado,SMOTE,0.952429,0.016634,122_sin_seleccion,True,122,6,df30cb2,2026-08-12T23:33:41
KNN,selección del esquema de balanceo (4.3.4): f1_macro medio en CV sobre D3 (StratifiedKFold 5 · shuffle · la semilla de la corrida está en la columna 'semilla') con SMOTE aplicado SOLO dentro de cada fold vía imblearn.Pipeline — nunca D2 y nunca citable como resultado,nada,0.924379,0.014938,122_sin_seleccion,True,122,6,df30cb2,2026-08-12T23:33:41
HistGradientBoosting,selección del esquema de balanceo (4.3.4): f1_macro medio en CV sobre D3 (StratifiedKFold 5 · shuffle · la semilla de la corrida está en la columna 'semilla') con SMOTE aplicado SOLO dentro de cada fold vía imblearn.Pipeline — nunca D2 y nunca citable como resultado,SMOTE,0.961433,0.020269,122_sin_seleccion,True,122,6,df30cb2,2026-08-12T23:33:41
HistGradientBoosting,selección del esquema de balanceo (4.3.4): f1_macro medio en CV sobre D3 (StratifiedKFold 5 · shuffle · la semilla de la corrida está en la columna 'semilla') con SMOTE aplicado SOLO dentro de cada fold vía imblearn.Pipeline — nunca D2 y nunca citable como resultado,nada,0.784665,0.058811,122_sin_seleccion,True,122,6,df30cb2,2026-08-12T23:33:41
DecisionTree,selección del esquema de balanceo (4.3.4): f1_macro medio en CV sobre D3 (StratifiedKFold 5 · shuffle · la semilla de la corrida está en la columna 'semilla') con SMOTE aplicado SOLO dentro de cada fold vía imblearn.Pipeline — nunca D2 y nunca citable como resultado,SMOTE,0.940854,0.020987,54,False,54,7,df30cb2,2026-08-12T23:42:03
DecisionTree,selección del esquema de balanceo (4.3.4): f1_macro medio en CV sobre D3 (StratifiedKFold 5 · shuffle · la semilla de la corrida está en la columna 'semilla') con SMOTE aplicado SOLO dentro de cada fold vía imblearn.Pipeline — nunca D2 y nunca citable como resultado,class_weight,0.955266,0.018248,54,False,54,7,df30cb2,2026-08-12T23:42:03
RandomForest,selección del esquema de balanceo (4.3.4): f1_macro medio en CV sobre D3 (StratifiedKFold 5 · shuffle · la semilla de la corrida está en la columna 'semilla') con SMOTE aplicado SOLO dentro de cada fold vía imblearn.Pipeline — nunca D2 y nunca citable como resultado,SMOTE,0.96864,0.006676,54,False,54,7,df30cb2,2026-08-12T23:42:03
RandomForest,selección del esquema de balanceo (4.3.4): f1_macro medio en CV sobre D3 (StratifiedKFold 5 · shuffle · la semilla de la corrida está en la columna 'semilla') con SMOTE aplicado SOLO dentro de cada fold vía imblearn.Pipeline — nunca D2 y nunca citable como resultado,class_weight,0.969702,0.009385,54,False,54,7,df30cb2,2026-08-12T23:42:03
KNN,selección del esquema de balanceo (4.3.4): f1_macro medio en CV sobre D3 (StratifiedKFold 5 · shuffle · la semilla de la corrida está en la columna 'semilla') con SMOTE aplicado SOLO dentro de cada fold vía imblearn.Pipeline — nunca D2 y nunca citable como resultado,SMOTE,0.94059,0.02183,54,False,54,7,df30cb2,2026-08-12T23:42:03
KNN,selección del esquema de balanceo (4.3.4): f1_macro medio en CV sobre D3 (StratifiedKFold 5 · shuffle · la semilla de la corrida está en la columna 'semilla') con SMOTE aplicado SOLO dentro de cada fold vía imblearn.Pipeline — nunca D2 y nunca citable como resultado,nada,0.917526,0.01721,54,False,54,7,df30cb2,2026-08-12T23:42:03
HistGradientBoosting,selección del esquema de balanceo (4.3.4): f1_macro medio en CV sobre D3 (StratifiedKFold 5 · shuffle · la semilla de la corrida está en la columna 'semilla') con SMOTE aplicado SOLO dentro de cada fold vía imblearn.Pipeline — nunca D2 y nunca citable como resultado,SMOTE,0.969522,0.016275,54,False,54,7,df30cb2,2026-08-12T23:42:03
HistGradientBoosting,selección del esquema de balanceo (4.3.4): f1_macro medio en CV sobre D3 (StratifiedKFold 5 · shuffle · la semilla de la corrida está en la columna 'semilla') con SMOTE aplicado SOLO dentro de cada fold vía imblearn.Pipeline — nunca D2 y nunca citable como resultado,nada,0.790676,0.028583,54,False,54,7,df30cb2,2026-08-12T23:42:03
DecisionTree,selección del esquema de balanceo (4.3.4): f1_macro medio en CV sobre D3 (StratifiedKFold 5 · shuffle · la semilla de la corrida está en la columna 'semilla') con SMOTE aplicado SOLO dentro de cada fold vía imblearn.Pipeline — nunca D2 y nunca citable como resultado,SMOTE,0.941913,0.024333,122_sin_seleccion,True,122,7,df30cb2,2026-08-12T23:48:13
DecisionTree,selección del esquema de balanceo (4.3.4): f1_macro medio en CV sobre D3 (StratifiedKFold 5 · shuffle · la semilla de la corrida está en la columna 'semilla') con SMOTE aplicado SOLO dentro de cada fold vía imblearn.Pipeline — nunca D2 y nunca citable como resultado,class_weight,0.961307,0.019259,122_sin_seleccion,True,122,7,df30cb2,2026-08-12T23:48:13
RandomForest,selección del esquema de balanceo (4.3.4): f1_macro medio en CV sobre D3 (StratifiedKFold 5 · shuffle · la semilla de la corrida está en la columna 'semilla') con SMOTE aplicado SOLO dentro de cada fold vía imblearn.Pipeline — nunca D2 y nunca citable como resultado,SMOTE,0.964026,0.018247,122_sin_seleccion,True,122,7,df30cb2,2026-08-12T23:48:13
RandomForest,selección del esquema de balanceo (4.3.4): f1_macro medio en CV sobre D3 (StratifiedKFold 5 · shuffle · la semilla de la corrida está en la columna 'semilla') con SMOTE aplicado SOLO dentro de cada fold vía imblearn.Pipeline — nunca D2 y nunca citable como resultado,class_weight,0.964023,0.016129,122_sin_seleccion,True,122,7,df30cb2,2026-08-12T23:48:13
KNN,selección del esquema de balanceo (4.3.4): f1_macro medio en CV sobre D3 (StratifiedKFold 5 · shuffle · la semilla de la corrida está en la columna 'semilla') con SMOTE aplicado SOLO dentro de cada fold vía imblearn.Pipeline — nunca D2 y nunca citable como resultado,SMOTE,0.944278,0.022973,122_sin_seleccion,True,122,7,df30cb2,2026-08-12T23:48:13
KNN,selección del esquema de balanceo (4.3.4): f1_macro medio en CV sobre D3 (StratifiedKFold 5 · shuffle · la semilla de la corrida está en la columna 'semilla') con SMOTE aplicado SOLO dentro de cada fold vía imblearn.Pipeline — nunca D2 y nunca citable como resultado,nada,0.915893,0.01699,122_sin_seleccion,True,122,7,df30cb2,2026-08-12T23:48:13
HistGradientBoosting,selección del esquema de balanceo (4.3.4): f1_macro medio en CV sobre D3 (StratifiedKFold 5 · shuffle · la semilla de la corrida está en la columna 'semilla') con SMOTE aplicado SOLO dentro de cada fold vía imblearn.Pipeline — nunca D2 y nunca citable como resultado,SMOTE,0.966271,0.01272,122_sin_seleccion,True,122,7,df30cb2,2026-08-12T23:48:13
HistGradientBoosting,selección del esquema de balanceo (4.3.4): f1_macro medio en CV sobre D3 (StratifiedKFold 5 · shuffle · la semilla de la corrida está en la columna 'semilla') con SMOTE aplicado SOLO dentro de cada fold vía imblearn.Pipeline — nunca D2 y nunca citable como resultado,nada,0.797277,0.056816,122_sin_seleccion,True,122,7,df30cb2,2026-08-12T23:48:13
DecisionTree,selección del esquema de balanceo (4.3.4): f1_macro medio en CV sobre D3 (StratifiedKFold 5 · shuffle · la semilla de la corrida está en la columna 'semilla') con SMOTE aplicado SOLO dentro de cada fold vía imblearn.Pipeline — nunca D2 y nunca citable como resultado,SMOTE,0.934078,0.039913,54,False,54,8,df30cb2,2026-08-12T23:55:46
DecisionTree,selección del esquema de balanceo (4.3.4): f1_macro medio en CV sobre D3 (StratifiedKFold 5 · shuffle · la semilla de la corrida está en la columna 'semilla') con SMOTE aplicado SOLO dentro de cada fold vía imblearn.Pipeline — nunca D2 y nunca citable como resultado,class_weight,0.950227,0.021396,54,False,54,8,df30cb2,2026-08-12T23:55:46
RandomForest,selección del esquema de balanceo (4.3.4): f1_macro medio en CV sobre D3 (StratifiedKFold 5 · shuffle · la semilla de la corrida está en la columna 'semilla') con SMOTE aplicado SOLO dentro de cada fold vía imblearn.Pipeline — nunca D2 y nunca citable como resultado,SMOTE,0.961329,0.019704,54,False,54,8,df30cb2,2026-08-12T23:55:46
RandomForest,selección del esquema de balanceo (4.3.4): f1_macro medio en CV sobre D3 (StratifiedKFold 5 · shuffle · la semilla de la corrida está en la columna 'semilla') con SMOTE aplicado SOLO dentro de cada fold vía imblearn.Pipeline — nunca D2 y nunca citable como resultado,class_weight,0.957953,0.025381,54,False,54,8,df30cb2,2026-08-12T23:55:46
KNN,selección del esquema de balanceo (4.3.4): f1_macro medio en CV sobre D3 (StratifiedKFold 5 · shuffle · la semilla de la corrida está en la columna 'semilla') con SMOTE aplicado SOLO dentro de cada fold vía imblearn.Pipeline — nunca D2 y nunca citable como resultado,SMOTE,0.92898,0.022418,54,False,54,8,df30cb2,2026-08-12T23:55:46
KNN,selección del esquema de balanceo (4.3.4): f1_macro medio en CV sobre D3 (StratifiedKFold 5 · shuffle · la semilla de la corrida está en la columna 'semilla') con SMOTE aplicado SOLO dentro de cada fold vía imblearn.Pipeline — nunca D2 y nunca citable como resultado,nada,0.913304,0.020189,54,False,54,8,df30cb2,2026-08-12T23:55:46
HistGradientBoosting,selección del esquema de balanceo (4.3.4): f1_macro medio en CV sobre D3 (StratifiedKFold 5 · shuffle · la semilla de la corrida está en la columna 'semilla') con SMOTE aplicado SOLO dentro de cada fold vía imblearn.Pipeline — nunca D2 y nunca citable como resultado,SMOTE,0.954325,0.029804,54,False,54,8,df30cb2,2026-08-12T23:55:46
HistGradientBoosting,selección del esquema de balanceo (4.3.4): f1_macro medio en CV sobre D3 (StratifiedKFold 5 · shuffle · la semilla de la corrida está en la columna 'semilla') con SMOTE aplicado SOLO dentro de cada fold vía imblearn.Pipeline — nunca D2 y nunca citable como resultado,nada,0.805784,0.045736,54,False,54,8,df30cb2,2026-08-12T23:55:46
DecisionTree,selección del esquema de balanceo (4.3.4): f1_macro medio en CV sobre D3 (StratifiedKFold 5 · shuffle · la semilla de la corrida está en la columna 'semilla') con SMOTE aplicado SOLO dentro de cada fold vía imblearn.Pipeline — nunca D2 y nunca citable como resultado,SMOTE,0.933134,0.045055,122_sin_seleccion,True,122,8,df30cb2,2026-08-13T00:02:52
DecisionTree,selección del esquema de balanceo (4.3.4): f1_macro medio en CV sobre D3 (StratifiedKFold 5 · shuffle · la semilla de la corrida está en la columna 'semilla') con SMOTE aplicado SOLO dentro de cada fold vía imblearn.Pipeline — nunca D2 y nunca citable como resultado,class_weight,0.959185,0.02084,122_sin_seleccion,True,122,8,df30cb2,2026-08-13T00:02:52
RandomForest,selección del esquema de balanceo (4.3.4): f1_macro medio en CV sobre D3 (StratifiedKFold 5 · shuffle · la semilla de la corrida está en la columna 'semilla') con SMOTE aplicado SOLO dentro de cada fold vía imblearn.Pipeline — nunca D2 y nunca citable como resultado,SMOTE,0.969933,0.011885,122_sin_seleccion,True,122,8,df30cb2,2026-08-13T00:02:52
RandomForest,selección del esquema de balanceo (4.3.4): f1_macro medio en CV sobre D3 (StratifiedKFold 5 · shuffle · la semilla de la corrida está en la columna 'semilla') con SMOTE aplicado SOLO dentro de cada fold vía imblearn.Pipeline — nunca D2 y nunca citable como resultado,class_weight,0.969016,0.020394,122_sin_seleccion,True,122,8,df30cb2,2026-08-13T00:02:52
KNN,selección del esquema de balanceo (4.3.4): f1_macro medio en CV sobre D3 (StratifiedKFold 5 · shuffle · la semilla de la corrida está en la columna 'semilla') con SMOTE aplicado SOLO dentro de cada fold vía imblearn.Pipeline — nunca D2 y nunca citable como resultado,SMOTE,0.936596,0.01935,122_sin_seleccion,True,122,8,df30cb2,2026-08-13T00:02:52
KNN,selección del esquema de balanceo (4.3.4): f1_macro medio en CV sobre D3 (StratifiedKFold 5 · shuffle · la semilla de la corrida está en la columna 'semilla') con SMOTE aplicado SOLO dentro de cada fold vía imblearn.Pipeline — nunca D2 y nunca citable como resultado,nada,0.913502,0.022528,122_sin_seleccion,True,122,8,df30cb2,2026-08-13T00:02:52
HistGradientBoosting,selección del esquema de balanceo (4.3.4): f1_macro medio en CV sobre D3 (StratifiedKFold 5 · shuffle · la semilla de la corrida está en la columna 'semilla') con SMOTE aplicado SOLO dentro de cada fold vía imblearn.Pipeline — nunca D2 y nunca citable como resultado,SMOTE,0.961548,0.021604,122_sin_seleccion,True,122,8,df30cb2,2026-08-13T00:02:52
HistGradientBoosting,selección del esquema de balanceo (4.3.4): f1_macro medio en CV sobre D3 (StratifiedKFold 5 · shuffle · la semilla de la corrida está en la columna 'semilla') con SMOTE aplicado SOLO dentro de cada fold vía imblearn.Pipeline — nunca D2 y nunca citable como resultado,nada,0.783027,0.044573,122_sin_seleccion,True,122,8,df30cb2,2026-08-13T00:02:52
DecisionTree,selección del esquema de balanceo (4.3.4): f1_macro medio en CV sobre D3 (StratifiedKFold 5 · shuffle · la semilla de la corrida está en la columna 'semilla') con SMOTE aplicado SOLO dentro de cada fold vía imblearn.Pipeline — nunca D2 y nunca citable como resultado,SMOTE,0.947085,0.016321,54,False,54,9,df30cb2,2026-08-13T00:10:54
DecisionTree,selección del esquema de balanceo (4.3.4): f1_macro medio en CV sobre D3 (StratifiedKFold 5 · shuffle · la semilla de la corrida está en la columna 'semilla') con SMOTE aplicado SOLO dentro de cada fold vía imblearn.Pipeline — nunca D2 y nunca citable como resultado,class_weight,0.943519,0.011108,54,False,54,9,df30cb2,2026-08-13T00:10:54
RandomForest,selección del esquema de balanceo (4.3.4): f1_macro medio en CV sobre D3 (StratifiedKFold 5 · shuffle · la semilla de la corrida está en la columna 'semilla') con SMOTE aplicado SOLO dentro de cada fold vía imblearn.Pipeline — nunca D2 y nunca citable como resultado,SMOTE,0.976512,0.009672,54,False,54,9,df30cb2,2026-08-13T00:10:54
RandomForest,selección del esquema de balanceo (4.3.4): f1_macro medio en CV sobre D3 (StratifiedKFold 5 · shuffle · la semilla de la corrida está en la columna 'semilla') con SMOTE aplicado SOLO dentro de cada fold vía imblearn.Pipeline — nunca D2 y nunca citable como resultado,class_weight,0.977678,0.012075,54,False,54,9,df30cb2,2026-08-13T00:10:54
KNN,selección del esquema de balanceo (4.3.4): f1_macro medio en CV sobre D3 (StratifiedKFold 5 · shuffle · la semilla de la corrida está en la columna 'semilla') con SMOTE aplicado SOLO dentro de cada fold vía imblearn.Pipeline — nunca D2 y nunca citable como resultado,SMOTE,0.939266,0.029089,54,False,54,9,df30cb2,2026-08-13T00:10:54
KNN,selección del esquema de balanceo (4.3.4): f1_macro medio en CV sobre D3 (StratifiedKFold 5 · shuffle · la semilla de la corrida está en la columna 'semilla') con SMOTE aplicado SOLO dentro de cada fold vía imblearn.Pipeline — nunca D2 y nunca citable como resultado,nada,0.921301,0.02015,54,False,54,9,df30cb2,2026-08-13T00:10:54
HistGradientBoosting,selección del esquema de balanceo (4.3.4): f1_macro medio en CV sobre D3 (StratifiedKFold 5 · shuffle · la semilla de la corrida está en la columna 'semilla') con SMOTE aplicado SOLO dentro de cada fold vía imblearn.Pipeline — nunca D2 y nunca citable como resultado,SMOTE,0.974945,0.021958,54,False,54,9,df30cb2,2026-08-13T00:10:54
HistGradientBoosting,selección del esquema de balanceo (4.3.4): f1_macro medio en CV sobre D3 (StratifiedKFold 5 · shuffle · la semilla de la corrida está en la columna 'semilla') con SMOTE aplicado SOLO dentro de cada fold vía imblearn.Pipeline — nunca D2 y nunca citable como resultado,nada,0.809054,0.057266,54,False,54,9,df30cb2,2026-08-13T00:10:54
DecisionTree,selección del esquema de balanceo (4.3.4): f1_macro medio en CV sobre D3 (StratifiedKFold 5 · shuffle · la semilla de la corrida está en la columna 'semilla') con SMOTE aplicado SOLO dentro de cada fold vía imblearn.Pipeline — nunca D2 y nunca citable como resultado,SMOTE,0.943132,0.014196,122_sin_seleccion,True,122,9,df30cb2,2026-08-13T00:17:38
DecisionTree,selección del esquema de balanceo (4.3.4): f1_macro medio en CV sobre D3 (StratifiedKFold 5 · shuffle · la semilla de la corrida está en la columna 'semilla') con SMOTE aplicado SOLO dentro de cada fold vía imblearn.Pipeline — nunca D2 y nunca citable como resultado,class_weight,0.952185,0.011287,122_sin_seleccion,True,122,9,df30cb2,2026-08-13T00:17:38
RandomForest,selección del esquema de balanceo (4.3.4): f1_macro medio en CV sobre D3 (StratifiedKFold 5 · shuffle · la semilla de la corrida está en la columna 'semilla') con SMOTE aplicado SOLO dentro de cada fold vía imblearn.Pipeline — nunca D2 y nunca citable como resultado,SMOTE,0.970133,0.011717,122_sin_seleccion,True,122,9,df30cb2,2026-08-13T00:17:38
RandomForest,selección del esquema de balanceo (4.3.4): f1_macro medio en CV sobre D3 (StratifiedKFold 5 · shuffle · la semilla de la corrida está en la columna 'semilla') con SMOTE aplicado SOLO dentro de cada fold vía imblearn.Pipeline — nunca D2 y nunca citable como resultado,class_weight,0.97255,0.014087,122_sin_seleccion,True,122,9,df30cb2,2026-08-13T00:17:38
KNN,selección del esquema de balanceo (4.3.4): f1_macro medio en CV sobre D3 (StratifiedKFold 5 · shuffle · la semilla de la corrida está en la columna 'semilla') con SMOTE aplicado SOLO dentro de cada fold vía imblearn.Pipeline — nunca D2 y nunca citable como resultado,SMOTE,0.942157,0.031776,122_sin_seleccion,True,122,9,df30cb2,2026-08-13T00:17:38
KNN,selección del esquema de balanceo (4.3.4): f1_macro medio en CV sobre D3 (StratifiedKFold 5 · shuffle · la semilla de la corrida está en la columna 'semilla') con SMOTE aplicado SOLO dentro de cada fold vía imblearn.Pipeline — nunca D2 y nunca citable como resultado,nada,0.919828,0.020238,122_sin_seleccion,True,122,9,df30cb2,2026-08-13T00:17:38
HistGradientBoosting,selección del esquema de balanceo (4.3.4): f1_macro medio en CV sobre D3 (StratifiedKFold 5 · shuffle · la semilla de la corrida está en la columna 'semilla') con SMOTE aplicado SOLO dentro de cada fold vía imblearn.Pipeline — nunca D2 y nunca citable como resultado,SMOTE,0.974353,0.017335,122_sin_seleccion,True,122,9,df30cb2,2026-08-13T00:17:38
HistGradientBoosting,selección del esquema de balanceo (4.3.4): f1_macro medio en CV sobre D3 (StratifiedKFold 5 · shuffle · la semilla de la corrida está en la columna 'semilla') con SMOTE aplicado SOLO dentro de cada fold vía imblearn.Pipeline — nunca D2 y nunca citable como resultado,nada,0.816941,0.036505,122_sin_seleccion,True,122,9,df30cb2,2026-08-13T00:17:38
DecisionTree,selección del esquema de balanceo (4.3.4): f1_macro medio en CV sobre D3 (StratifiedKFold 5 · shuffle · la semilla de la corrida está en la columna 'semilla') con SMOTE aplicado SOLO dentro de cada fold vía imblearn.Pipeline — nunca D2 y nunca citable como resultado,SMOTE,0.950859,0.025358,54,False,54,10,df30cb2,2026-08-13T00:24:42
DecisionTree,selección del esquema de balanceo (4.3.4): f1_macro medio en CV sobre D3 (StratifiedKFold 5 · shuffle · la semilla de la corrida está en la columna 'semilla') con SMOTE aplicado SOLO dentro de cada fold vía imblearn.Pipeline — nunca D2 y nunca citable como resultado,class_weight,0.931204,0.030139,54,False,54,10,df30cb2,2026-08-13T00:24:42
RandomForest,selección del esquema de balanceo (4.3.4): f1_macro medio en CV sobre D3 (StratifiedKFold 5 · shuffle · la semilla de la corrida está en la columna 'semilla') con SMOTE aplicado SOLO dentro de cada fold vía imblearn.Pipeline — nunca D2 y nunca citable como resultado,SMOTE,0.974742,0.017495,54,False,54,10,df30cb2,2026-08-13T00:24:42
RandomForest,selección del esquema de balanceo (4.3.4): f1_macro medio en CV sobre D3 (StratifiedKFold 5 · shuffle · la semilla de la corrida está en la columna 'semilla') con SMOTE aplicado SOLO dentro de cada fold vía imblearn.Pipeline — nunca D2 y nunca citable como resultado,class_weight,0.970276,0.01625,54,False,54,10,df30cb2,2026-08-13T00:24:42
KNN,selección del esquema de balanceo (4.3.4): f1_macro medio en CV sobre D3 (StratifiedKFold 5 · shuffle · la semilla de la corrida está en la columna 'semilla') con SMOTE aplicado SOLO dentro de cada fold vía imblearn.Pipeline — nunca D2 y nunca citable como resultado,SMOTE,0.932531,0.014228,54,False,54,10,df30cb2,2026-08-13T00:24:42
KNN,selección del esquema de balanceo (4.3.4): f1_macro medio en CV sobre D3 (StratifiedKFold 5 · shuffle · la semilla de la corrida está en la columna 'semilla') con SMOTE aplicado SOLO dentro de cada fold vía imblearn.Pipeline — nunca D2 y nunca citable como resultado,nada,0.917465,0.035375,54,False,54,10,df30cb2,2026-08-13T00:24:42
HistGradientBoosting,selección del esquema de balanceo (4.3.4): f1_macro medio en CV sobre D3 (StratifiedKFold 5 · shuffle · la semilla de la corrida está en la columna 'semilla') con SMOTE aplicado SOLO dentro de cada fold vía imblearn.Pipeline — nunca D2 y nunca citable como resultado,SMOTE,0.95218,0.023912,54,False,54,10,df30cb2,2026-08-13T00:24:42
HistGradientBoosting,selección del esquema de balanceo (4.3.4): f1_macro medio en CV sobre D3 (StratifiedKFold 5 · shuffle · la semilla de la corrida está en la columna 'semilla') con SMOTE aplicado SOLO dentro de cada fold vía imblearn.Pipeline — nunca D2 y nunca citable como resultado,nada,0.783218,0.057913,54,False,54,10,df30cb2,2026-08-13T00:24:42
DecisionTree,selección del esquema de balanceo (4.3.4): f1_macro medio en CV sobre D3 (StratifiedKFold 5 · shuffle · la semilla de la corrida está en la columna 'semilla') con SMOTE aplicado SOLO dentro de cada fold vía imblearn.Pipeline — nunca D2 y nunca citable como resultado,SMOTE,0.954054,0.018857,122_sin_seleccion,True,122,10,df30cb2,2026-08-13T00:32:23
DecisionTree,selección del esquema de balanceo (4.3.4): f1_macro medio en CV sobre D3 (StratifiedKFold 5 · shuffle · la semilla de la corrida está en la columna 'semilla') con SMOTE aplicado SOLO dentro de cada fold vía imblearn.Pipeline — nunca D2 y nunca citable como resultado,class_weight,0.953589,0.022081,122_sin_seleccion,True,122,10,df30cb2,2026-08-13T00:32:23
RandomForest,selección del esquema de balanceo (4.3.4): f1_macro medio en CV sobre D3 (StratifiedKFold 5 · shuffle · la semilla de la corrida está en la columna 'semilla') con SMOTE aplicado SOLO dentro de cada fold vía imblearn.Pipeline — nunca D2 y nunca citable como resultado,SMOTE,0.96999,0.012055,122_sin_seleccion,True,122,10,df30cb2,2026-08-13T00:32:23
RandomForest,selección del esquema de balanceo (4.3.4): f1_macro medio en CV sobre D3 (StratifiedKFold 5 · shuffle · la semilla de la corrida está en la columna 'semilla') con SMOTE aplicado SOLO dentro de cada fold vía imblearn.Pipeline — nunca D2 y nunca citable como resultado,class_weight,0.967708,0.012134,122_sin_seleccion,True,122,10,df30cb2,2026-08-13T00:32:23
KNN,selección del esquema de balanceo (4.3.4): f1_macro medio en CV sobre D3 (StratifiedKFold 5 · shuffle · la semilla de la corrida está en la columna 'semilla') con SMOTE aplicado SOLO dentro de cada fold vía imblearn.Pipeline — nunca D2 y nunca citable como resultado,SMOTE,0.940306,0.016463,122_sin_seleccion,True,122,10,df30cb2,2026-08-13T00:32:23
KNN,selección del esquema de balanceo (4.3.4): f1_macro medio en CV sobre D3 (StratifiedKFold 5 · shuffle · la semilla de la corrida está en la columna 'semilla') con SMOTE aplicado SOLO dentro de cada fold vía imblearn.Pipeline — nunca D2 y nunca citable como resultado,nada,0.919015,0.03901,122_sin_seleccion,True,122,10,df30cb2,2026-08-13T00:32:23
HistGradientBoosting,selección del esquema de balanceo (4.3.4): f1_macro medio en CV sobre D3 (StratifiedKFold 5 · shuffle · la semilla de la corrida está en la columna 'semilla') con SMOTE aplicado SOLO dentro de cada fold vía imblearn.Pipeline — nunca D2 y nunca citable como resultado,SMOTE,0.957928,0.01382,122_sin_seleccion,True,122,10,df30cb2,2026-08-13T00:32:23
HistGradientBoosting,selección del esquema de balanceo (4.3.4): f1_macro medio en CV sobre D3 (StratifiedKFold 5 · shuffle · la semilla de la corrida está en la columna 'semilla') con SMOTE aplicado SOLO dentro de cada fold vía imblearn.Pipeline — nunca D2 y nunca citable como resultado,nada,0.795074,0.034154,122_sin_seleccion,True,122,10,df30cb2,2026-08-13T00:32:23
